epoch,g_total,g_adv,g_recon,g_fm,g_tv,g_lap,g_ms,d_loss,val_l1,val_edge,val_lap,val_ssim,val_score
1,26.111944,0.659723,18.094030,0.329037,1.280498,2.271678,5.870899,1.344246,0.697646,0.494721,0.526332,0.075397,1.905410
2,17.783337,1.559690,12.561787,0.324170,0.459292,0.772057,5.484248,0.507064,0.338009,0.744174,1.017089,0.043754,1.799072
3,11.861755,0.392901,8.345369,0.127135,0.529207,0.860592,4.405216,1.715764,0.242468,0.524632,0.717437,0.060492,1.538005
4,10.347350,0.731079,6.638439,0.173090,0.401615,0.657296,5.793343,1.511954,0.225738,0.419480,0.587376,0.083547,1.431668
5,9.688103,0.782392,5.952876,0.190047,0.334337,0.552114,6.983932,1.502711,0.212020,0.372706,0.510892,0.106724,1.358649
6,9.690047,1.199195,5.476933,0.205192,0.290992,0.486571,8.145620,1.395744,0.196894,0.350531,0.457361,0.095357,1.331719
7,9.108822,0.806567,5.268226,0.218174,0.250771,0.425520,9.004901,1.415217,0.229966,0.333296,0.445880,0.128175,1.324507
8,9.372196,1.034041,5.236910,0.234514,0.232851,0.398115,9.568269,1.256489,0.197709,0.332112,0.380260,0.106748,1.290475
9,9.180252,1.094803,5.140131,0.228069,0.212863,0.365582,9.182177,1.407099,0.204991,0.328882,0.332319,0.138520,1.248559
10,9.159388,1.154342,5.202572,0.233812,0.196551,0.339034,8.543060,1.256667,0.201099,0.329308,0.316429,0.126925,1.250786
11,9.267350,1.314306,5.184864,0.238342,0.190913,0.330769,8.357216,1.153251,0.201250,0.330243,0.317927,0.111980,1.266593
12,9.453419,1.470773,5.222699,0.248673,0.186762,0.323820,8.207701,1.109224,0.205463,0.327207,0.297407,0.126494,1.248503
13,8.982012,1.269319,5.087903,0.238636,0.156669,0.280225,8.210944,1.262073,0.191414,0.319203,0.284103,0.134593,1.220098
14,9.843899,1.910305,5.089972,0.259251,0.179422,0.314070,8.711443,0.599366,0.203316,0.324934,0.305062,0.132356,1.242719
15,9.309854,1.471591,5.088533,0.241704,0.160464,0.281712,8.957968,1.024623,0.212637,0.323496,0.258756,0.141463,1.226437
16,9.339544,1.638225,5.086322,0.235528,0.147260,0.261621,8.507353,1.152360,0.196474,0.327791,0.284138,0.124476,1.237005
17,9.577247,1.863147,5.061527,0.249419,0.151592,0.268390,8.370888,0.761657,0.222073,0.322450,0.228067,0.134105,1.232281
18,9.045928,1.405360,5.021772,0.254790,0.126986,0.231894,8.627146,1.156159,0.204987,0.320989,0.216805,0.149285,1.195781
19,9.194572,1.465289,4.985907,0.263297,0.131591,0.236034,9.220364,1.387753,0.193921,0.324323,0.220929,0.134157,1.201954
20,8.713776,1.055834,4.978297,0.252518,0.116587,0.216040,9.333986,1.286014,0.234612,0.324324,0.207044,0.138558,1.233384
21,8.861115,1.046771,5.111771,0.265659,0.117451,0.214826,9.243246,1.807820,0.197483,0.324011,0.210127,0.129090,1.206740
22,8.689410,0.933018,5.040370,0.273281,0.110985,0.207373,9.301014,1.412411,0.196138,0.320628,0.203199,0.139359,1.192025
23,8.681759,0.926027,5.067846,0.282513,0.109072,0.204059,8.982227,1.460314,0.186447,0.321170,0.200816,0.140443,1.180524
24,8.664363,0.827915,5.066547,0.278274,0.108360,0.203012,9.630650,1.756074,0.188751,0.319730,0.194788,0.145979,1.174894
25,8.503360,0.765413,4.994651,0.271365,0.106665,0.200055,9.639118,1.640509,0.227831,0.326901,0.199176,0.147315,1.215608
26,8.588018,0.801399,5.091001,0.286410,0.108571,0.200940,9.005831,1.603174,0.186379,0.318433,0.194541,0.175578,1.142577
27,8.584467,0.829416,4.990760,0.279096,0.107609,0.198208,9.653846,1.612939,0.201081,0.337453,0.203303,0.132776,1.206951
28,8.659828,0.818274,5.131177,0.282776,0.111946,0.201576,9.166042,1.511590,0.218847,0.323923,0.193908,0.144965,1.206535
29,8.654725,0.754235,5.129243,0.285834,0.117134,0.207706,9.411584,1.662977,0.213636,0.339141,0.205720,0.125385,1.228081
30,8.478951,0.701231,5.015620,0.280175,0.103297,0.193354,9.696157,1.526904,0.190786,0.323923,0.189071,0.134747,1.186998
31,8.682921,0.811171,5.060942,0.285417,0.107074,0.194840,9.891527,1.608517,0.210554,0.342230,0.205288,0.109887,1.240963
32,8.553921,0.755380,4.995408,0.292479,0.108654,0.196689,9.669228,1.614614,0.228251,0.325324,0.187868,0.132657,1.226413
33,8.454351,0.624493,5.083272,0.286977,0.110546,0.198147,9.378569,1.616646,0.197984,0.330172,0.189051,0.134945,1.195242
34,8.804616,0.915646,5.056896,0.297338,0.111677,0.196523,9.767017,1.458452,0.209677,0.356279,0.207647,0.147401,1.206209
35,8.812666,0.848930,5.115594,0.286071,0.111093,0.196802,10.095141,1.672445,0.195569,0.339223,0.197677,0.145583,1.187018
36,8.808226,0.818214,5.125496,0.289824,0.113358,0.197908,10.111094,1.609428,0.190407,0.325522,0.188760,0.146510,1.175067
37,8.356689,0.631613,4.984620,0.258826,0.106371,0.192607,9.990184,1.694605,0.200469,0.342595,0.195307,0.156881,1.180465
38,8.678682,0.889274,5.094125,0.282668,0.113906,0.196791,9.143749,1.507256,0.204754,0.347646,0.198503,0.142605,1.201154
39,8.526605,0.691635,5.151319,0.282955,0.111633,0.196098,9.072018,1.595891,0.206247,0.338499,0.204485,0.145835,1.199681
40,8.799433,0.825230,5.150158,0.294454,0.112001,0.195943,9.780388,1.584641,0.186499,0.329723,0.190978,0.139278,1.180009
41,8.729279,0.828009,5.108291,0.286620,0.110720,0.193902,9.762877,1.509710,0.191663,0.344265,0.189447,0.099256,1.227566
42,8.829077,0.844877,5.209203,0.290084,0.117687,0.202312,9.437762,1.547952,0.186910,0.342202,0.197621,0.151189,1.173328
43,8.939837,0.880521,5.265954,0.296704,0.113327,0.195261,9.541494,1.728226,0.194028,0.336489,0.187608,0.157281,1.169707
44,8.513157,0.666241,5.145593,0.274640,0.107950,0.192151,9.420024,1.493501,0.196747,0.343732,0.195054,0.110847,1.222915
45,8.812729,0.941893,5.239804,0.284834,0.115702,0.197533,8.659864,1.352552,0.189982,0.330893,0.191542,0.132868,1.190333
46,9.000885,0.969232,5.224442,0.291682,0.118093,0.200130,9.655406,1.439962,0.197019,0.349645,0.208785,0.151094,1.188929
47,8.876844,0.838493,5.164142,0.291017,0.115354,0.199212,10.130581,1.608865,0.200566,0.350691,0.195613,0.144597,1.194573
48,8.656491,0.720571,5.216956,0.267385,0.112311,0.196773,9.607910,1.586041,0.220199,0.346406,0.193892,0.138940,1.218402
49,9.098145,0.901181,5.331047,0.306344,0.115087,0.198797,9.775459,1.623849,0.202209,0.337690,0.196061,0.105466,1.232902
50,8.674976,0.796071,5.170071,0.285020,0.110488,0.195797,9.203659,1.364745,0.192691,0.340609,0.201038,0.132059,1.199117
51,8.732533,0.827699,5.223615,0.279743,0.116784,0.200268,9.052292,1.461339,0.229934,0.347788,0.194862,0.137033,1.230660
52,8.927284,0.861205,5.234877,0.262619,0.123203,0.206439,10.294645,1.591088,0.207278,0.359661,0.193499,0.151695,1.195241
53,8.604963,0.806131,5.335525,0.242553,0.116362,0.199520,8.355412,1.639933,0.209146,0.333253,0.187510,0.135183,1.206242
54,8.624287,0.805676,5.176696,0.272183,0.113260,0.196976,8.994843,1.401235,0.212500,0.399187,0.229660,0.131685,1.241033
55,8.724058,0.754901,5.211301,0.269315,0.116918,0.200246,9.772097,1.591994,0.199950,0.368909,0.208100,0.139473,1.207094
56,8.629675,0.721830,5.224253,0.271842,0.115611,0.199922,9.231889,1.602612,0.205802,0.338813,0.189433,0.143823,1.196043
57,8.845267,0.866576,5.285466,0.266508,0.117178,0.199930,9.402348,1.610414,0.193832,0.345043,0.193901,0.175745,1.154961
58,8.704157,0.757355,5.223439,0.260583,0.117062,0.199302,9.731863,1.714918,0.185820,0.348519,0.197914,0.151495,1.173298
59,8.636850,0.713912,5.262580,0.265967,0.118318,0.204069,9.127602,1.576103,0.200456,0.347756,0.206982,0.150428,1.192022
60,8.755960,0.836048,5.270082,0.261750,0.123956,0.206852,9.096113,1.483155,0.225397,0.358566,0.201347,0.124037,1.243544
61,8.832560,0.743577,5.292885,0.274896,0.118243,0.200952,9.903845,1.700810,0.185604,0.341795,0.195930,0.160239,1.162300
62,8.779968,0.787410,5.352091,0.270575,0.116493,0.196454,9.025045,1.435098,0.227688,0.393521,0.211090,0.143326,1.236948
63,8.552931,0.675966,5.202076,0.255068,0.119112,0.199972,9.507852,1.733595,0.198324,0.340708,0.193283,0.141298,1.192817
64,8.547165,0.626225,5.207336,0.261515,0.113746,0.195802,9.704819,1.667025,0.183869,0.334479,0.187977,0.150332,1.166225
65,8.572618,0.742381,5.236047,0.256155,0.118039,0.198090,8.978449,1.495791,0.188260,0.345921,0.196490,0.167357,1.158858
66,8.663039,0.716170,5.218401,0.260926,0.117850,0.199708,9.752372,1.758803,0.185091,0.354185,0.196960,0.169376,1.155489
67,8.698166,0.738661,5.314829,0.264541,0.118533,0.199197,9.129494,1.647133,0.208784,0.354872,0.199300,0.148334,1.201179
68,8.450306,0.663844,5.161629,0.255022,0.116614,0.197309,9.218184,1.482466,0.187562,0.343006,0.198586,0.176680,1.148988
69,8.649879,0.702859,5.253161,0.256124,0.119777,0.200367,9.606758,1.659689,0.218739,0.353345,0.197977,0.144761,1.213939
70,8.601734,0.636387,5.214402,0.259651,0.118516,0.201410,9.900363,1.700226,0.183302,0.341403,0.198177,0.183551,1.137393
71,8.630739,0.667349,5.299167,0.261760,0.119292,0.200885,9.288271,1.579791,0.195358,0.354388,0.208425,0.156505,1.182680
72,8.422140,0.621659,5.140469,0.239773,0.118643,0.199369,9.724324,1.701708,0.213753,0.365104,0.201156,0.164900,1.192278
73,8.418518,0.615405,5.240949,0.247142,0.120033,0.199705,8.918964,1.667372,0.200689,0.344806,0.192635,0.185695,1.151377
74,8.426554,0.614383,5.242838,0.242328,0.117008,0.197056,9.106026,1.762684,0.201973,0.345800,0.192723,0.127555,1.211031
75,8.355110,0.654443,5.129166,0.231551,0.117029,0.196145,9.350592,1.632988,0.213181,0.370711,0.198544,0.186040,1.170774
76,8.393284,0.610007,5.151166,0.241498,0.116754,0.196094,9.556602,1.682203,0.211231,0.349905,0.192271,0.163540,1.184966
77,8.349299,0.586955,5.143429,0.242002,0.114922,0.195241,9.472572,1.619326,0.181604,0.329621,0.185439,0.189493,1.122939
78,8.424834,0.657253,5.232078,0.245295,0.121167,0.200386,8.767055,1.527456,0.196845,0.356723,0.201641,0.185919,1.152846
79,8.635303,0.702006,5.261205,0.246161,0.118778,0.199509,9.674823,1.735893,0.185792,0.356295,0.202125,0.174897,1.152897
80,8.315603,0.528641,5.196967,0.241970,0.112845,0.194790,9.288031,1.687323,0.212573,0.361585,0.197305,0.164980,1.188967
81,8.412701,0.582356,5.235945,0.244472,0.116668,0.197347,9.225676,1.642286,0.197371,0.369107,0.200033,0.140906,1.200298
82,8.366329,0.552875,5.298100,0.240322,0.119861,0.199868,8.740734,1.606609,0.202155,0.399181,0.211271,0.150842,1.205094
83,8.439854,0.621870,5.248571,0.235179,0.119634,0.199931,9.203012,1.677867,0.203937,0.370591,0.212665,0.128392,1.224096
84,8.286119,0.529684,5.227960,0.234800,0.117797,0.198273,8.964587,1.653944,0.196544,0.345868,0.190454,0.163995,1.168382
85,8.319870,0.597952,5.191719,0.233280,0.119185,0.198204,9.007288,1.536885,0.198103,0.349597,0.193600,0.187574,1.148208
86,8.327071,0.584297,5.174241,0.230465,0.120975,0.199585,9.296693,1.583486,0.187543,0.353081,0.201680,0.162092,1.166655
87,8.522063,0.620919,5.340480,0.238795,0.122017,0.200966,9.055337,1.674481,0.182560,0.345219,0.192314,0.204176,1.114737
88,8.240191,0.476769,5.188975,0.232782,0.118868,0.199463,9.292153,1.569608,0.194346,0.387655,0.210287,0.169572,1.175905
89,8.337923,0.507036,5.303637,0.233973,0.122206,0.201616,8.918571,1.655615,0.218705,0.363237,0.203714,0.136033,1.226620
90,8.388971,0.611880,5.149310,0.224737,0.121079,0.200205,9.796298,1.673417,0.196064,0.364541,0.206395,0.143561,1.197649
91,8.310810,0.506263,5.226417,0.232939,0.121022,0.200260,9.300390,1.559751,0.181636,0.355405,0.197880,0.193079,1.128896
92,8.251329,0.499913,5.247495,0.225966,0.123309,0.201992,8.916946,1.659350,0.202203,0.335629,0.191704,0.174523,1.161903
93,8.344099,0.601846,5.184102,0.225643,0.120399,0.199179,9.330527,1.544288,0.184044,0.344191,0.195290,0.191137,1.130096
94,8.229086,0.525463,5.101950,0.228059,0.120127,0.199449,9.568096,1.558540,0.207705,0.372733,0.209899,0.178579,1.177138
95,8.255972,0.571087,5.182322,0.221477,0.124340,0.203397,8.974984,1.612050,0.181975,0.346801,0.198999,0.186977,1.134008
96,8.324823,0.527766,5.223951,0.225210,0.122091,0.202171,9.390681,1.646325,0.189060,0.359358,0.204134,0.187190,1.145188
97,8.246227,0.576393,5.130031,0.216657,0.120848,0.200229,9.371041,1.550646,0.190149,0.364314,0.202040,0.169164,1.164562
98,8.301588,0.545628,5.281909,0.226883,0.126390,0.206055,8.633865,1.562522,0.199380,0.364470,0.205787,0.193358,1.150942
99,8.304693,0.559176,5.183169,0.222188,0.124137,0.203757,9.353617,1.597718,0.183335,0.353449,0.201292,0.205456,1.119022
100,8.233538,0.558051,5.109170,0.216295,0.123038,0.202443,9.519178,1.553180,0.177527,0.352655,0.201902,0.187327,1.131396
101,8.278687,0.562445,5.103509,0.219583,0.121012,0.201164,9.783721,1.491690,0.179847,0.360271,0.203036,0.150323,1.172641
102,8.235781,0.498760,5.216832,0.222319,0.125734,0.204810,9.052784,1.590534,0.181152,0.355147,0.201133,0.211175,1.111403
103,8.224661,0.481648,5.162180,0.221369,0.121862,0.202050,9.520992,1.599026,0.200367,0.366585,0.206052,0.125656,1.220145
104,8.229839,0.501730,5.175850,0.219492,0.123820,0.202967,9.352985,1.571747,0.187112,0.363691,0.201414,0.181525,1.148820
105,8.210752,0.520256,5.179636,0.215723,0.123398,0.201741,9.172077,1.577052,0.193126,0.371935,0.207086,0.178969,1.161024
106,8.163673,0.397478,5.230111,0.220885,0.123761,0.203389,9.210565,1.640877,0.183065,0.364369,0.204538,0.196241,1.131286
107,8.253000,0.518367,5.211676,0.214551,0.124366,0.203541,9.247165,1.642075,0.189743,0.373928,0.207074,0.209296,1.127709
108,8.183956,0.469162,5.150484,0.215575,0.124961,0.203583,9.501577,1.605787,0.182907,0.367438,0.205379,0.180113,1.148165
109,8.095928,0.408335,5.179449,0.216913,0.124582,0.203542,9.101103,1.618640,0.190888,0.349695,0.198692,0.137266,1.193102
110,8.127487,0.453357,5.127253,0.214074,0.123667,0.202602,9.431336,1.584467,0.191501,0.371527,0.207145,0.173032,1.165275
111,8.152029,0.471747,5.208066,0.209928,0.126569,0.205117,8.975695,1.657560,0.189675,0.356587,0.202846,0.164554,1.167434
112,8.063608,0.386173,5.145812,0.215885,0.125325,0.204468,9.263236,1.617983,0.187881,0.355552,0.204674,0.175106,1.155521
113,8.127898,0.459458,5.129215,0.212246,0.125408,0.204369,9.388260,1.596845,0.210162,0.383884,0.215175,0.170243,1.192007
114,8.082239,0.447450,5.043777,0.213324,0.123398,0.203209,9.730902,1.525827,0.193240,0.378067,0.210416,0.146802,1.195697
115,8.137480,0.434823,5.221087,0.212286,0.126730,0.204876,8.994727,1.673695,0.183833,0.345438,0.198963,0.142603,1.179955
116,8.039640,0.447015,5.079435,0.211861,0.122367,0.201579,9.267643,1.537496,0.204705,0.364192,0.207279,0.116393,1.233699
117,8.086238,0.427769,5.106600,0.210456,0.122847,0.202862,9.532982,1.541403,0.198690,0.369115,0.208202,0.149613,1.195771
118,8.122538,0.389157,5.220240,0.213898,0.126528,0.205321,9.165870,1.667091,0.180858,0.347742,0.200262,0.161389,1.159109
119,8.145630,0.474375,5.163693,0.208860,0.128088,0.206496,9.210327,1.631101,0.199721,0.383657,0.212359,0.181135,1.169643
120,8.077990,0.472063,5.050550,0.209323,0.123451,0.203595,9.567161,1.507936,0.201904,0.360746,0.205029,0.164238,1.181575
121,8.039937,0.351935,5.200768,0.211927,0.125443,0.205248,9.033955,1.648871,0.184339,0.353335,0.202425,0.145961,1.179893
122,8.050508,0.417644,5.103708,0.211386,0.123929,0.204412,9.337940,1.562884,0.206944,0.373801,0.209443,0.123787,1.231222
123,8.038806,0.419273,5.151641,0.209210,0.126537,0.205996,8.947168,1.599628,0.188127,0.351851,0.203430,0.128401,1.201297
124,8.035007,0.404789,5.113449,0.209515,0.125246,0.205302,9.278278,1.533253,0.191537,0.374253,0.209275,0.146419,1.193215
125,8.034050,0.382889,5.225305,0.210014,0.128398,0.207438,8.627408,1.658569,0.201924,0.353685,0.204131,0.135057,1.209050
126,8.073296,0.519354,4.985513,0.204622,0.122266,0.202946,9.758839,1.447284,0.198408,0.361266,0.207079,0.181994,1.161145
127,8.006001,0.408035,5.168386,0.206435,0.129597,0.208881,8.700483,1.633598,0.202943,0.381031,0.211678,0.154280,1.198956
128,8.053270,0.413082,5.224261,0.205902,0.129174,0.208417,8.627625,1.630100,0.189405,0.362666,0.205760,0.144412,1.189542
129,8.074746,0.486794,5.058935,0.204186,0.124182,0.204471,9.480030,1.490852,0.193912,0.354111,0.204255,0.140040,1.196184
130,7.989569,0.420151,5.035644,0.207075,0.123866,0.204627,9.451532,1.472581,0.180736,0.357519,0.205350,0.181837,1.142275
131,7.947122,0.438651,5.026102,0.204437,0.124705,0.204809,9.158504,1.497856,0.194160,0.361927,0.206538,0.152226,1.186608
132,7.924673,0.368559,5.104224,0.204239,0.126803,0.206531,8.931295,1.585478,0.190454,0.366815,0.208951,0.164283,1.172667
133,7.931036,0.345001,5.152729,0.207086,0.127481,0.207002,8.742795,1.609324,0.182224,0.367884,0.208809,0.167177,1.161707
134,7.978384,0.372123,5.169557,0.206972,0.127107,0.207205,8.764556,1.602438,0.190978,0.362829,0.206888,0.130777,1.205178
135,7.988251,0.380579,5.134651,0.206832,0.126230,0.206499,9.020933,1.602126,0.194661,0.364704,0.207561,0.114790,1.225458
136,7.997267,0.426774,5.090623,0.205682,0.125916,0.206681,9.086737,1.545401,0.198292,0.360969,0.206641,0.146133,1.196678
137,8.020341,0.430116,5.100046,0.208340,0.125061,0.205709,9.118040,1.526945,0.187339,0.360370,0.206289,0.138478,1.193136
138,7.958611,0.432485,5.034203,0.204170,0.124674,0.205351,9.218878,1.516633,0.195470,0.359755,0.205204,0.153790,1.185452
139,7.964793,0.415904,5.045671,0.205971,0.124836,0.205499,9.255735,1.528627,0.194619,0.358059,0.206018,0.135964,1.202373
140,8.002820,0.417824,5.093120,0.207481,0.124758,0.205718,9.146453,1.529456,0.190259,0.361025,0.206495,0.141428,1.193309
