epoch,train_loss,val_loss,train_acc,val_acc,train_auc,val_auc,Recall
1,0.6591210220799302,0.6986978587351347,0.6003787878787878,0.5263157894736842,0.6568476935217735,0.5038444142921754,0.13432835820895522
2,0.5437696476777395,0.5500767009150713,0.7253787878787878,0.7518796992481203,0.8286128328741966,0.8227046585255541,0.7910447761194029
3,0.47185044667937537,0.47921600220794963,0.7992424242424242,0.8345864661654135,0.8795844573265224,0.8631840796019901,0.8805970149253731
4,0.4595831208156817,0.4562090435870608,0.7916666666666666,0.8345864661654135,0.8738503479446158,0.8740388964269561,0.8507462686567164
5,0.4491195118788517,0.4508725073104514,0.7973484848484849,0.8421052631578947,0.8747201974401653,0.8821800090456807,0.8805970149253731
6,0.41098404382214404,0.4292052085686447,0.8409090909090909,0.8421052631578947,0.9043362222349767,0.8889642695612845,0.835820895522388
7,0.39035861510218994,0.4284393363877347,0.8200757575757576,0.8421052631578947,0.9127589967284624,0.89280868385346,0.8805970149253731
8,0.42919719941688306,0.41671635356164516,0.8125,0.8421052631578947,0.8869310681283361,0.8964269561284487,0.8805970149253731
9,0.37342461853316333,0.4127956494352871,0.8276515151515151,0.8421052631578947,0.917350628479596,0.8975576662143826,0.8805970149253731
10,0.3526371279449174,0.41260051391178504,0.8295454545454546,0.8345864661654135,0.9282875385608723,0.8984622342831298,0.7611940298507462
11,0.37553674253550445,0.409059219566503,0.8352272727272727,0.8421052631578947,0.9150871655068512,0.9036635006784262,0.7761194029850746
12,0.34196186697844305,0.4083860405629739,0.8541666666666666,0.849624060150376,0.932535583103765,0.9056987788331072,0.7761194029850746
13,0.3249596750194376,0.40040100965284764,0.8465909090909091,0.849624060150376,0.940900482093664,0.907055630936228,0.8208955223880597
14,0.32377711164228845,0.4039314178595866,0.865530303030303,0.8646616541353384,0.9399500660047064,0.9075079149706017,0.8507462686567164
15,0.34896878717523633,0.3912485143295804,0.865530303030303,0.8571428571428571,0.9277136092976541,0.907960199004975,0.835820895522388
16,0.32704852521419525,0.39323723809163375,0.8598484848484849,0.8646616541353384,0.9378838317166964,0.9086386250565355,0.8507462686567164
17,0.32886391245957575,0.38441919966747884,0.8598484848484849,0.8646616541353384,0.9367215749296905,0.9109000452284034,0.835820895522388
18,0.31985719547127234,0.3842744435134687,0.8522727272727273,0.8721804511278195,0.9396917867187051,0.9118046132971506,0.8507462686567164
19,0.317736542134574,0.3864180524098246,0.8617424242424242,0.8646616541353384,0.9418617998163452,0.9113523292627771,0.835820895522388
20,0.3211736746809699,0.3801638954564145,0.865530303030303,0.8646616541353384,0.938820018365473,0.9127091813658978,0.835820895522388
21,0.31322297724810516,0.3803452645477496,0.8560606060606061,0.8646616541353384,0.9432966023875115,0.911352329262777,0.835820895522388
22,0.2887399467554959,0.38469557296064566,0.8882575757575758,0.8721804511278195,0.9535410927456383,0.9151967435549525,0.8507462686567164
23,0.3010209649801254,0.37357559150322933,0.875,0.8721804511278195,0.9453045412152951,0.9138398914518316,0.8507462686567164
24,0.2757784760359562,0.373882731324748,0.8958333333333334,0.8721804511278195,0.9572547781667909,0.9129353233830846,0.8507462686567164
25,0.31241207005399646,0.37296362389299204,0.8768939393939394,0.8721804511278195,0.9410574646674797,0.9133876074174581,0.8507462686567164
26,0.29476025700569153,0.3777135814491071,0.8787878787878788,0.8721804511278195,0.9506707798263865,0.9163274536408864,0.8507462686567164
27,0.2736791733539466,0.36874428369048845,0.8863636363636364,0.8721804511278195,0.9582161510646846,0.9165535956580733,0.8208955223880597
28,0.3027274197701252,0.3770127688583575,0.8693181818181818,0.8721804511278195,0.9468398019944042,0.9158751696065129,0.8507462686567164
29,0.27649882277756027,0.3739814888265796,0.884469696969697,0.8721804511278195,0.957843080984905,0.9158751696065128,0.835820895522388
30,0.2763439141439669,0.3750352395656414,0.8939393939393939,0.8721804511278195,0.9548154737990013,0.9154228855721392,0.835820895522388
31,0.24795511974529785,0.37273355780687545,0.9090909090909091,0.8721804511278195,0.9669416744386254,0.9158751696065128,0.8208955223880597
32,0.25695438863653125,0.37236706341119635,0.9034090909090909,0.8721804511278195,0.9638716712580349,0.9174581637268204,0.8507462686567164
33,0.2537828701915163,0.3739974003537257,0.8977272727272727,0.8646616541353384,0.9651199494949496,0.9161013116236997,0.8208955223880597
34,0.25716323202306574,0.37285802507759036,0.9090909090909091,0.8721804511278195,0.9620616426562589,0.9154228855721391,0.8507462686567164
35,0.2581897447958137,0.3685319871830761,0.9071969696969697,0.8796992481203008,0.9637133223330225,0.9165535956580733,0.8507462686567164
36,0.27745260162787005,0.3683520938668932,0.884469696969697,0.8796992481203008,0.954100665748393,0.9183627317955676,0.8507462686567164
37,0.2478369835651282,0.36812653308524224,0.9053030303030303,0.8796992481203008,0.9670837398840613,0.9183627317955677,0.835820895522388
38,0.24816269924243292,0.36975938641935363,0.9034090909090909,0.8721804511278195,0.9674299816345271,0.9203980099502487,0.8507462686567164
39,0.25818609197934467,0.3671396571890752,0.9166666666666666,0.8721804511278195,0.9633115718487697,0.9181365897783809,0.8208955223880597
40,0.22507337661403598,0.36474917302454324,0.9185606060606061,0.8721804511278195,0.976081497955377,0.9192672998643148,0.8208955223880597
41,0.25788914412260056,0.3669160082376093,0.8920454545454546,0.8721804511278195,0.9633115718487696,0.9181365897783809,0.8507462686567164
42,0.25532523023359704,0.3682540079256646,0.8920454545454546,0.8721804511278195,0.964358992754143,0.9181365897783809,0.8208955223880597
43,0.2551825967701999,0.3709883331356192,0.9128787878787878,0.8796992481203008,0.9632403581267217,0.9181365897783809,0.8507462686567164
44,0.2540742228880073,0.3665333141509752,0.9109848484848485,0.8721804511278195,0.9622051311484818,0.917910447761194,0.8208955223880597
45,0.24376079936822256,0.3688661763094422,0.9128787878787878,0.8721804511278195,0.9681325776598034,0.9176843057440072,0.835820895522388
