image_id,class_name,label,fold,hybrid_prob,image_branch_prob,tabular_branch_prob,logreg_prob,average_blend_prob,weighted_blend_prob
102,normal,0,4,0.046813965,0.18457031,0.040374756,0.029779651394940026,0.038296808119345015,0.0365933778920511
108,normal,0,4,0.045959473,0.10992432,0.033599854,0.00047229795312303573,0.023215885304686518,0.018667168579431882
111,normal,0,4,0.04559326,0.13586426,0.030670166,0.0012335634285143106,0.023413412573632154,0.018977443862195676
115,normal,0,4,0.047607422,0.14257812,0.055603027,0.12684909402075256,0.08722825794787628,0.09515242516245154
126,normal,0,4,0.49194336,0.28833008,0.5229492,0.4339931371048482,0.4629682482399241,0.45717322601290894
13,normal,0,4,0.045684814,0.1171875,0.030563354,0.009847811078937691,0.027766312766031344,0.024182612056083585
131,normal,0,4,0.04788208,0.30493164,0.04525757,0.18593813150839503,0.11691010579326001,0.1307157120538741
14,normal,0,4,0.04788208,0.16052246,0.14221191,0.3212159328368689,0.18454900645749694,0.21188239285095842
143,normal,0,4,0.9399414,0.5800781,0.9291992,0.26305888085119683,0.6015001435505984,0.5338118910107181
146,normal,0,4,0.5097656,0.69384766,0.38012695,0.44101895742146824,0.4753922912107341,0.46851762743311315
154,normal,0,4,0.046295166,0.19372559,0.03338623,0.011848448290501764,0.029071807153063383,0.02562713500802203
158,normal,0,4,0.047424316,0.14575195,0.08093262,0.15850287352396888,0.10296359496510944,0.11407145179446841
163,normal,0,4,0.046295166,0.11779785,0.042633057,0.0010641211236214181,0.02367964356962321,0.01915653870789382
168,normal,0,4,0.04788208,0.4169922,0.0440979,0.13554600839714198,0.09171404423763349,0.10048043818712228
172,normal,0,4,0.052124023,0.17333984,0.3623047,0.21749322763340723,0.1348086255354536,0.15134554632757335
178,normal,0,4,0.046203613,0.11694336,0.040374756,0.003406007422253115,0.02480481035175156,0.020525050883438957
183,normal,0,4,0.046539307,0.17883301,0.048034668,6.953910527036315e-05,0.02330442287294768,0.018657446119412217
19,normal,0,4,0.04638672,0.118774414,0.03869629,0.011554561365336013,0.028970640057668008,0.025487424319201608
199,normal,0,4,0.047088623,0.16516113,0.04345703,0.07669987560989089,0.061894249328382944,0.06485537495721355
202,normal,0,4,0.046813965,0.14538574,0.054504395,0.11586231453911564,0.08133813969143282,0.08824297577855647
21,normal,0,4,0.9355469,0.37524414,0.8955078,0.6591760150183478,0.7973614450091739,0.7697243709319377
216,normal,0,4,0.046722412,0.21386719,0.13085938,0.35940431963434205,0.20306336587185853,0.23433155736941327
222,normal,0,4,0.045776367,0.30688477,0.06695557,0.3367790069352549,0.19127768706137746,0.22037795103615296
23,normal,0,4,0.14038086,0.17712402,0.52441406,0.37085880137858723,0.2556198303767936,0.27866762457715233
230,normal,0,4,0.045776367,0.17358398,0.03781128,0.10154968877832365,0.07366302798291183,0.07924036014199419
245,normal,0,4,0.04724121,0.6743164,0.05166626,0.0959534215999528,0.0715973162687264,0.07646853770750071
252,normal,0,4,0.047943115,0.33374023,0.04788208,0.18143227081526211,0.11468769302481856,0.12803660932796534
255,normal,0,4,0.04849243,0.14428711,0.07287598,0.23201386765360452,0.14025314964711477,0.1586052943659998
266,normal,0,4,0.04486084,0.13049316,0.034240723,0.014189792860706544,0.02952531635222827,0.026458211653923924
273,normal,0,4,0.048309326,0.27319336,0.05380249,0.24260759831478346,0.14545846224332923,0.1648882898301491
276,normal,0,4,0.045532227,0.11859131,0.029922485,0.027201875088793636,0.03636705082564682,0.03453401530574715
281,normal,0,4,0.94970703,0.7392578,0.953125,0.983810576668291,0.9667588039591455,0.9701691585009745
287,normal,0,4,0.048675537,0.1381836,0.07720947,0.3868800102828972,0.2177777736961361,0.2515982210134883
294,normal,0,4,0.89160156,0.5683594,0.61279297,0.5367182742898111,0.7141599183949056,0.6786716014948155
295,normal,0,4,0.04611206,0.14648438,0.034301758,0.026080003607931328,0.03609603207740317,0.03409282712856686
302,normal,0,4,0.046295166,0.19189453,0.031982422,0.024841843076578878,0.03556850454610194,0.0334231718796683
306,normal,0,4,0.9477539,0.5800781,0.9550781,0.7246220360026001,0.8361879711263001,0.813874796022489
312,normal,0,4,0.9453125,0.6826172,0.87841797,0.775790963964956,0.860551731982478,0.8435995902999025
316,normal,0,4,0.045440674,0.14257812,0.07946777,0.10168326700581258,0.0735619704169688,0.07918623085232464
321,normal,0,4,0.9482422,0.2980957,0.94140625,0.8213364018041024,0.8847892946520513,0.8720987101219969
327,normal,0,4,0.05441284,0.21838379,0.15075684,0.21123851648631337,0.13282567914159418,0.14850824698306705
330,normal,0,4,0.04663086,0.18725586,0.041229248,0.007921624133629665,0.027276241754314832,0.02340531860270683
334,normal,0,4,0.047424316,0.515625,0.09057617,0.20694046437204155,0.12718239038914578,0.14313400630331202
340,normal,0,4,0.046722412,0.111450195,0.08477783,0.1474196569372534,0.0970710345233142,0.1071407597511601
343,normal,0,4,0.05203247,0.7182617,0.1652832,0.22512448162461543,0.1385784761638702,0.15588767725601926
35,normal,0,4,0.045684814,0.18408203,0.030792236,0.014734307534171596,0.0302095609936483,0.02711450992922393
353,normal,0,4,0.046295166,0.25024414,0.16784668,0.33710025898175267,0.19169771249868883,0.22077822142277256
36,normal,0,4,0.050720215,0.6660156,0.061645508,0.06307873979165869,0.056899477317704346,0.05813532943996618
38,normal,0,4,0.94189453,0.40673828,0.9091797,0.5695937215201436,0.7557441263850718,0.7185140632934797
46,normal,0,4,0.047088623,0.47827148,0.08526611,0.003836920866726002,0.025462771956800502,0.02113760211131463
50,normal,0,4,0.045013428,0.14916992,0.04147339,0.24513219379440376,0.14507281076438938,0.16508468737039225
53,normal,0,4,0.048309326,0.15197754,0.1015625,0.4049819222042645,0.22664562418806974,0.2623128841638377
6,normal,0,4,0.046203613,0.2286377,0.033477783,0.010268187679734638,0.02823590048049232,0.024642359037927872
6 (2),normal,0,4,0.94384766,0.6875,0.85009766,0.6723173482155773,0.8080825022327887,0.7809294773898108
64,normal,0,4,0.04525757,0.1184082,0.030792236,0.015102452711150342,0.03018001053526267,0.027164499342969235
68,normal,0,4,0.046813965,0.26342773,0.038909912,0.06819809413757287,0.057506029490661435,0.05964444353763081
75,normal,0,4,0.04949951,0.48413086,0.084350586,0.24681457759998685,0.1481570446593684,0.16788855087496307
79,normal,0,4,0.046295166,0.19104004,0.0925293,0.20703098147575605,0.12666307374569052,0.1427366549191746
85,normal,0,4,0.046905518,0.41748047,0.050231934,0.049991379673791275,0.04844844862595814,0.04875703446299573
86,normal,0,4,0.04714966,0.30859375,0.05117798,0.17902631883524694,0.11308798851918597,0.12627565458239814
94,normal,0,4,0.9472656,0.23144531,0.94970703,0.8266698761837917,0.8869677505918958,0.874908175710275
98,normal,0,4,0.04525757,0.23376465,0.03161621,0.12777257983723928,0.08651507409830714,0.09476657561862259
1002,fatty_liver,1,4,0.047790527,0.117370605,0.07684326,0.3840395263372522,0.2159150268405011,0.24953992748490936
1004,fatty_liver,1,4,0.9477539,0.38452148,0.94140625,0.8731444745953629,0.9104491904226815,0.9029882591781467
1013,fatty_liver,1,4,0.1315918,0.81347656,0.20678711,0.17197471671616515,0.15178325679558258,0.1558215502698152
1021,fatty_liver,1,4,0.04663086,0.11657715,0.051086426,0.20055855547045787,0.12359470742272893,0.13898747740480374
1027,fatty_liver,1,4,0.95166016,0.64501953,0.9736328,0.9995863497802687,0.9756232530151343,0.9804158902495547
1033,fatty_liver,1,4,0.9482422,0.7421875,0.9033203,0.9296036882284979,0.938922937864249,0.9370590819766342
1040,fatty_liver,1,4,0.94873047,0.65283203,0.91748047,0.8328010360132612,0.8907657523816306,0.8791728150684212
1045,fatty_liver,1,4,0.052124023,0.59375,0.082092285,0.2971873558824004,0.1746556896599502,0.19916202327696927
1052,fatty_liver,1,4,0.94970703,0.7504883,0.96972656,0.9657310438398287,0.9577190375449143,0.9593214388038972
1057,fatty_liver,1,4,0.94970703,0.6923828,0.95166016,0.8703600762727914,0.9100335537613957,0.9020988582636749
1061,fatty_liver,1,4,0.9433594,0.7661133,0.92626953,0.7772487984507708,0.8603040867253854,0.8436930231099979
1062,fatty_liver,1,4,0.052337646,0.37890625,0.11633301,0.3495193679234121,0.20092850720389355,0.23064667934779726
1070,fatty_liver,1,4,0.0925293,0.6274414,0.22290039,0.3945923920998789,0.24356084448743945,0.27376715550004344
1073,fatty_liver,1,4,0.94921875,0.64990234,0.9560547,0.9358085576409979,0.942513653820499,0.9411726524659921
1081,fatty_liver,1,4,0.04840088,0.61035156,0.058654785,0.36176781940470715,0.20508434915547857,0.23642104395038235
1087,fatty_liver,1,4,0.95166016,0.73535156,0.97558594,0.9999999332369409,0.9758300447434705,0.9806640403235579
1089,fatty_liver,1,4,0.9506836,0.7241211,0.9741211,0.997234726723177,0.9739591602365885,0.9786142675734417
1095,fatty_liver,1,4,0.94677734,0.72216797,0.9370117,0.7561449222653946,0.8514611330076973,0.8323979087406301
1103,fatty_liver,1,4,0.9511719,0.7207031,0.9711914,0.9912850782207719,0.971228476610386,0.9752398028929277
1110,fatty_liver,1,4,0.91796875,0.20983887,0.6308594,0.533258451964498,0.7256136009822489,0.6871425711786987
1116,fatty_liver,1,4,0.87109375,0.22253418,0.7583008,0.5246482101565315,0.6978709800782658,0.6632264439753124
1125,fatty_liver,1,4,0.16491699,0.5473633,0.36279297,0.655067260988705,0.4099921265881025,0.45900715644845524
1129,fatty_liver,1,4,0.9511719,0.7055664,0.97802734,0.9931215317387956,0.9721467033693978,0.9763416750037418
1137,fatty_liver,1,4,0.94921875,0.72314453,0.97021484,0.9161415409245832,0.9326801454622916,0.9293724424361434
1141,fatty_liver,1,4,0.95214844,0.65234375,0.9707031,0.9283031907519848,0.9402258141259924,0.9378412894511908
1150,fatty_liver,1,4,0.20703125,0.5131836,0.34570312,0.5241856031067267,0.36560842655336334,0.39732386484426824
1160,fatty_liver,1,4,0.95166016,0.6503906,0.96972656,0.961855636920976,0.9567578965854879,0.957777462533979
1165,fatty_liver,1,4,0.9511719,0.7182617,0.97265625,0.9844629616471683,0.9678174183235841,0.9711465329487654
1171,fatty_liver,1,4,0.94970703,0.69873047,0.94189453,0.9216652850753306,0.9356861581626653,0.9328819835451984
1182,fatty_liver,1,4,0.7475586,0.27807617,0.7705078,0.7198706236723337,0.7337146087111668,0.7309458236243291
1184,fatty_liver,1,4,0.048309326,0.18823242,0.07849121,0.3693378009757976,0.2088235635738363,0.24092641142675758
1187,fatty_liver,1,4,0.07354736,0.15686035,0.5498047,0.4438199517532056,0.25868365751722777,0.29571091636442337
1193,fatty_liver,1,4,0.08959961,0.33764648,0.53759766,0.5933503989767783,0.34147500417588916,0.391850083881125
1196,fatty_liver,1,4,0.94970703,0.74609375,0.97265625,0.9992177968990967,0.9744624140745484,0.979413490639458
1203,fatty_liver,1,4,0.9506836,0.8120117,0.9663086,0.9684437918821209,0.9595636928160605,0.9613397066688081
1213,fatty_liver,1,4,0.9482422,0.76464844,0.93847656,0.9176005551407223,0.9329213713203611,0.9298572021239688
125,fatty_liver,1,4,0.9506836,0.7026367,0.96875,0.9540631492588536,0.9523733715044268,0.9527113210948477
135,fatty_liver,1,4,0.95166016,0.6611328,0.97509766,0.988029754673978,0.969844955461989,0.9734819331857802
136,fatty_liver,1,4,0.9453125,0.72802734,0.93847656,0.7998011506842561,0.8725568253421281,0.8580057023314825
151,fatty_liver,1,4,0.95166016,0.6972656,0.97802734,0.9999977445385707,0.9758289503942854,0.9806627271045358
151 (2),fatty_liver,1,4,0.94970703,0.6904297,0.9560547,0.9454632451118928,0.9475851381809464,0.9471607595671356
151 (3),fatty_liver,1,4,0.9511719,0.69140625,0.97265625,0.9987952043455816,0.9749835396727908,0.9797458785678134
16,fatty_liver,1,4,0.94970703,0.5600586,0.9663086,0.8097539127498597,0.8797304719999299,0.8657351601499158
17,fatty_liver,1,4,0.9448242,0.6958008,0.9375,0.9454370819180257,0.9451306503340129,0.9451919366508154
180,fatty_liver,1,4,0.94970703,0.6953125,0.97021484,0.9085299504430451,0.9291184908465225,0.925000782765827
188,fatty_liver,1,4,0.9511719,0.71240234,0.9765625,0.9983570099205947,0.9747644424602974,0.9794829619128212
195,fatty_liver,1,4,0.9501953,0.6958008,0.95654297,0.9391991690607597,0.9446972407803799,0.9435976383573847
195 (2),fatty_liver,1,4,0.95166016,0.5917969,0.9741211,0.9707213541178236,0.9611907551839118,0.9630968928520875
216,fatty_liver,1,4,0.9482422,0.7163086,0.9399414,0.9473813325319101,0.947811760015955,0.9477256685586816
220,fatty_liver,1,4,0.9511719,0.6948242,0.96875,0.9929026201606969,0.9720372475803485,0.9762103280568826
251,fatty_liver,1,4,0.95166016,0.69873047,0.9765625,0.9937925562534751,0.9727263562517375,0.9769396141334784
26_2,fatty_liver,1,4,0.94970703,0.6977539,0.97265625,0.9922885027201918,0.9709977669850959,0.975255914132115
283,fatty_liver,1,4,0.9511719,0.70703125,0.9785156,0.9985388762310564,0.9748553756155283,0.9795920816990983
31,fatty_liver,1,4,0.85498047,0.21911621,0.7368164,0.3651643341048023,0.6100724014274012,0.5610907998838104
316,fatty_liver,1,4,0.9501953,0.69091797,0.9770508,0.9621185444493493,0.9561569284746747,0.9573492635905385
36,fatty_liver,1,4,0.9506836,0.67089844,0.9765625,0.9846947716912638,0.967689182720632,0.9710902945542939
53,fatty_liver,1,4,0.9501953,0.7084961,0.9692383,0.982436283856631,0.9663157981783155,0.9695399072349075
66,fatty_liver,1,4,0.93652344,0.66845703,0.79541016,0.7248521638594294,0.8306878006797147,0.809520679276122
87,fatty_liver,1,4,0.9501953,0.7871094,0.9707031,0.9940212116852772,0.9721082620926387,0.9764908639320953
87 (2),fatty_liver,1,4,0.10449219,0.5732422,0.5239258,0.5163662660889743,0.31042922679448715,0.3516166339083265
93,fatty_liver,1,4,0.453125,0.6982422,0.38964844,0.20961859118723472,0.33137179559361735,0.30702116067280527
